{"cameraMode":{"drawMode":0,"name":"Shaded","section":"Shading Mode"},"sceneLighting":true,"audioPlay":false,"sceneViewState":{"m_AlwaysRefresh":false,"showFog":true,"showSkybox":true,"showFlares":true,"showImageEffects":true,"showParticleSystems":true,"showVisualEffectGraphs":true,"m_FxEnabled":true},"in2DMode":false,"pivot":{"x":572.1089477539063,"y":971.9823608398438,"z":-151.8521728515625},"rotation":{"x":-0.027278337627649308,"y":-0.04437146708369255,"z":0.0012146938825026155,"w":-0.9986265897750855},"size":154.7979278564453,"orthographic":false}