{"cameraMode":{"drawMode":0,"name":"Shaded","section":"Shading Mode"},"sceneLighting":true,"audioPlay":false,"sceneViewState":{"m_AlwaysRefresh":false,"showFog":true,"showSkybox":true,"showFlares":true,"showImageEffects":true,"showParticleSystems":true,"showVisualEffectGraphs":true,"m_FxEnabled":true},"in2DMode":false,"pivot":{"x":-1.7373712062835694,"y":4.397281169891357,"z":-11.315131187438965},"rotation":{"x":-0.09150902181863785,"y":-0.06060907244682312,"z":0.0055799526162445549,"w":-0.9939305186271668},"size":0.8270542621612549,"orthographic":false}